[
  {
    "name": "Warriors",
    "artist": "Imagine Dragons"
  },
  {
    "name": "Set It Off",
    "artist": "League of Legends"
  },
  {
    "name": "Runner (feat. CHANGMO)",
    "artist": "T1"
  },
  {
    "name": "Roar",
    "artist": "Katy Perry"
  },
  {
    "name": "Le Festin",
    "artist": "Camille"
  },
  {
    "name": "Dynamite",
    "artist": "BTS"
  },
  {
    "name": "Believer",
    "artist": "Imagine Dragons"
  },
  {
    "name": "Run It",
    "artist": "League of Legends"
  },
  {
    "name": "Lost Chapter",
    "artist": "Pentakill"
  },
  {
    "name": "Where Angels Fear to Fly",
    "artist": "Battle Beast"
  },
  {
    "name": "Mad World",
    "artist": "2WEI"
  },
  {
    "name": "Light Curve",
    "artist": "Krosia"
  },
  {
    "name": "Hanging On By A Thread",
    "artist": "UNSECRET"
  },
  {
    "name": "weapon",
    "artist": "Against The Current"
  },
  {
    "name": "Imaginary Fire",
    "artist": "Carpenter Brut"
  },
  {
    "name": "Die For You - Zedd Remix",
    "artist": "VALORANT"
  },
  {
    "name": "The Call",
    "artist": "League of Legends"
  },
  {
    "name": "Gone",
    "artist": "Crystal Skies"
  },
  {
    "name": "Denial",
    "artist": "Milkoi"
  },
  {
    "name": "Your Touch",
    "artist": "Foreign Air"
  },
  {
    "name": "one like this",
    "artist": "Jasmine Clarke"
  },
  {
    "name": "Nasty (Remix)",
    "artist": "Bryce Fox"
  },
  {
    "name": "Wonderland",
    "artist": "The Word Alive"
  },
  {
    "name": "Holy Water",
    "artist": "Besomorph"
  },
  {
    "name": "Zeri, the Spark of Zaun",
    "artist": "League of Legends"
  },
  {
    "name": "TOMBOY",
    "artist": "(G)I-DLE"
  },
  {
    "name": "Entertain Me",
    "artist": "Ylona Garcia"
  },
  {
    "name": "Story Of My Life",
    "artist": "ILLENIUM"
  },
  {
    "name": "Aliens",
    "artist": "Just A Gent"
  },
  {
    "name": "Statues",
    "artist": "DROELOE"
  },
  {
    "name": "Bring Home The Glory",
    "artist": "League of Legends"
  },
  {
    "name": "Clockwork",
    "artist": "UNSECRET"
  },
  {
    "name": "Boxing Underwater (feat. Cailin Russo)",
    "artist": "Golding"
  }
]